"Method","Url"
"POST","{{baseUrl}}/api/auth/login"
"GET","{{baseUrl}}/api/Rol"
"GET","{{baseUrl}}/api/Usuario?PageNumber=1&PageSize=10&SearchTerm=&FromDate=&ToDate=&SortBy=&SortDescending=false"
"POST","{{baseUrl}}/api/Usuario"
"PUT","{{baseUrl}}/api/Usuario/1"
"DELETE","{{baseUrl}}/api/Usuario/1"
"GET","{{baseUrl}}/api/Persona?PageNumber=1&PageSize=10&SearchTerm=&FromDate=&ToDate=&SortBy=&SortDescending=false"
"GET","{{baseUrl}}/api/Persona/{{personaId}}"
"POST","{{baseUrl}}/api/Persona"
"PUT","{{baseUrl}}/api/Persona/{{personaId}}"
"DELETE","{{baseUrl}}/api/Persona/{{personaId}}"
"GET","{{baseUrl}}/api/Condominio?PageNumber=1&PageSize=10&SearchTerm=&FromDate=&ToDate=&SortBy=&SortDescending=false"
"POST","{{baseUrl}}/api/Condominio"
"PUT","{{baseUrl}}/api/Condominio/{{condominioId}}"
"DELETE","{{baseUrl}}/api/Condominio/{{condominioId}}"
"POST","{{baseUrl}}/api/Condominio/{{condominioId}}/usuarios"
"GET","{{baseUrl}}/api/Condominio/{{condominioId}}/usuarios"
"DELETE","{{baseUrl}}/api/Condominio/{{condominioId}}/usuarios/1"
"GET","{{baseUrl}}/api/Manzano?PageNumber=1&PageSize=10&SearchTerm=&FromDate=&ToDate=&SortBy=&SortDescending=false"
"GET","{{baseUrl}}/api/Manzano/{{manzanoId}}"
"GET","{{baseUrl}}/api/Manzano/condominio/{{condominioId}}"
"POST","{{baseUrl}}/api/Manzano"
"PUT","{{baseUrl}}/api/Manzano/{{manzanoId}}"
"DELETE","{{baseUrl}}/api/Manzano/{{manzanoId}}"
"GET","{{baseUrl}}/api/Propiedad?PageNumber=1&PageSize=10&SearchTerm=&FromDate=&ToDate=&SortBy=&SortDescending=false"
"GET","{{baseUrl}}/api/Propiedad/{{propiedadId}}"
"GET","{{baseUrl}}/api/Propiedad/condominio/{{condominioId}}"
"POST","{{baseUrl}}/api/Propiedad"
"PUT","{{baseUrl}}/api/Propiedad/{{propiedadId}}"
"DELETE","{{baseUrl}}/api/Propiedad/{{propiedadId}}"
"POST","{{baseUrl}}/api/ownership/assign-participant"
"GET","{{baseUrl}}/api/ownership/history/{{propiedadId}}"
"GET","{{baseUrl}}/api/Contrato?PageNumber=1&PageSize=10&SearchTerm=&FromDate=&ToDate=&SortBy=&SortDescending=false"
"POST","{{baseUrl}}/api/Contrato"
"PUT","{{baseUrl}}/api/Contrato/1"
"DELETE","{{baseUrl}}/api/Contrato/1"
"GET","{{baseUrl}}/api/CatalogoServicio?PageNumber=1&PageSize=10&SearchTerm=&FromDate=&ToDate=&SortBy=&SortDescending=false"
"POST","{{baseUrl}}/api/CatalogoServicio"
"PUT","{{baseUrl}}/api/CatalogoServicio/1"
"DELETE","{{baseUrl}}/api/CatalogoServicio/1"
"GET","{{baseUrl}}/api/Deuda/pendiente"
"GET","{{baseUrl}}/api/Deuda/contrato/1"
"GET","{{baseUrl}}/api/Deuda/1"
"POST","{{baseUrl}}/api/Deuda/generar"
"POST","{{baseUrl}}/api/cobranzas"
"GET","{{baseUrl}}/api/cobranzas/{{unitId}}?PageNumber=1&PageSize=10&SearchTerm=&FromDate=&ToDate=&SortBy=&SortDescending=false"
"POST","{{baseUrl}}/api/pago/:id/generar-recibo"
"GET","{{baseUrl}}/api/pago/recibos/:filename"
"GET","{{baseUrl}}/api/pago/recibos?FechaDesde=&FechaHasta=&PersonaId=&PageNumber=1&PageSize=10&SearchTerm=&FromDate=&ToDate=&SortBy=&SortDescending=false"
"GET","{{baseUrl}}/api/Contabilidad/asientos/condominio/{{condominioId}}?PageNumber=1&PageSize=10&SearchTerm=&FromDate=&ToDate=&SortBy=&SortDescending=false"
"POST","{{baseUrl}}/api/Contabilidad/asientos"
"PUT","{{baseUrl}}/api/AsientoContable/1"
"DELETE","{{baseUrl}}/api/AsientoContable/1"
"GET","{{baseUrl}}/api/Contabilidad/plancuentas?PageNumber=1&PageSize=10&SearchTerm=&FromDate=&ToDate=&SortBy=&SortDescending=false"
"POST","{{baseUrl}}/api/Contabilidad/plancuentas"
"PUT","{{baseUrl}}/api/PlanCuenta/1"
"DELETE","{{baseUrl}}/api/PlanCuenta/1"
"POST","{{baseUrl}}/api/fiscal-periods/close"
"POST","{{baseUrl}}/api/fiscal-periods/reopen"
"GET","{{baseUrl}}/api/fiscal-periods"
"GET","{{baseUrl}}/api/fiscal-periods/status/2026/1"
"GET","{{baseUrl}}/api/fiscal-periods/audit-log"
"GET","{{baseUrl}}/api/Accounts/{{accountId}}/balance-history?from=2024-01-01&to=2026-12-31"
"GET","{{baseUrl}}/api/Accounts?activeOnly=true&PageNumber=1&PageSize=10&SearchTerm=&FromDate=&ToDate=&SortBy=&SortDescending=false"
"GET","{{baseUrl}}/api/Accounts/{{accountId}}"
"POST","{{baseUrl}}/api/Accounts"
"PUT","{{baseUrl}}/api/Accounts/{{accountId}}"
"DELETE","{{baseUrl}}/api/Accounts/{{accountId}}"
"GET","{{baseUrl}}/api/Tesoreria/formaspago"
"POST","{{baseUrl}}/api/Tesoreria/formaspago"
"GET","{{baseUrl}}/api/Tesoreria/egresos/condominio/{{condominioId}}?PageNumber=1&PageSize=10&SearchTerm=&FromDate=&ToDate=&SortBy=&SortDescending=false"
"POST","{{baseUrl}}/api/Tesoreria/egresos"
"PUT","{{baseUrl}}/api/Egreso/1"
"DELETE","{{baseUrl}}/api/Egreso/1"
"POST","{{baseUrl}}/api/expenses/{{id}}/void"
"POST","{{baseUrl}}/api/expenses/{{egresoId}}/attachments"
"GET","{{baseUrl}}/api/attachments/{{attachmentId}}"
"GET","{{baseUrl}}/api/attachments?ExpenseId=&UploadedFrom=&UploadedTo=&ContentType=&PageNumber=1&PageSize=20"
"GET","{{baseUrl}}/api/Tesoreria/egresos/:id/comprobante"
"POST","{{baseUrl}}/api/expenses"
"POST","{{baseUrl}}/api/expenses/simular"
"GET","{{baseUrl}}/api/expenses/saldos-unidades/{{condominioId}}"
"POST","{{baseUrl}}/api/expenses/conciliar"
"POST","{{baseUrl}}/api/expenses/generar-deuda"
"GET","{{baseUrl}}/api/cashbook?startDate=2026-01-01&endDate=2026-01-31&financialAccountId=&includeVoided=false&page=1&pageSize=50"
"GET","{{baseUrl}}/api/Contabilidad/autorizaciones?PageNumber=1&PageSize=10&SearchTerm=&FromDate=&ToDate=&SortBy=&SortDescending=false"
"POST","{{baseUrl}}/api/Contabilidad/autorizaciones"
"PUT","{{baseUrl}}/api/AutorizacionGasto/1"
"DELETE","{{baseUrl}}/api/AutorizacionGasto/1"
"GET","{{baseUrl}}/api/Accounts?activeOnly=true&PageNumber=1&PageSize=10&SearchTerm=&FromDate=&ToDate=&SortBy=&SortDescending=false"
"GET","{{baseUrl}}/api/Accounts?activeOnly=false&PageNumber=1&PageSize=10&SearchTerm=&FromDate=&ToDate=&SortBy=&SortDescending=false"
"GET","{{baseUrl}}/api/Accounts/1"
"POST","{{baseUrl}}/api/Accounts"
"PUT","{{baseUrl}}/api/Accounts/1"
"DELETE","{{baseUrl}}/api/Accounts/1"
"GET","{{baseUrl}}/api/providers?page=1&pageSize=20"
"GET","{{baseUrl}}/api/providers?page=1&pageSize=20&term=limpieza"
"GET","{{baseUrl}}/api/providers/{{providerId}}"
"POST","{{baseUrl}}/api/providers"
"POST","{{baseUrl}}/api/providers"
"PUT","{{baseUrl}}/api/providers/{{providerId}}"
"DELETE","{{baseUrl}}/api/providers/{{providerId}}"
"GET","{{baseUrl}}/api/FinancialConfig/penalties/{{condominioId}}"
"PUT","{{baseUrl}}/api/FinancialConfig/penalties/{{condominioId}}"
"GET","{{baseUrl}}/api/FinancialConfig/concepts/{{condominioId}}"
"POST","{{baseUrl}}/api/FinancialConfig/concepts/{{condominioId}}"
"PUT","{{baseUrl}}/api/FinancialConfig/concepts/1"
"DELETE","{{baseUrl}}/api/FinancialConfig/concepts/1"
"GET","{{baseUrl}}/api/FinancialConfig/penalties/{{condominioId}}"
"PUT","{{baseUrl}}/api/FinancialConfig/penalties/{{condominioId}}"
"GET","{{baseUrl}}/api/FinancialConfig/concepts/{{condominioId}}"
"POST","{{baseUrl}}/api/FinancialConfig/concepts/{{condominioId}}"
"PUT","{{baseUrl}}/api/FinancialConfig/concepts/1"
"DELETE","{{baseUrl}}/api/FinancialConfig/concepts/1"
"GET","{{baseUrl}}/api/Reserva/recursos/condominio/{{condominioId}}"
"POST","{{baseUrl}}/api/Reserva/recursos"
"GET","{{baseUrl}}/api/Reserva/condominio/{{condominioId}}"
"POST","{{baseUrl}}/api/Reserva"
"PUT","{{baseUrl}}/api/Reserva/1/confirmar"
"GET","{{baseUrl}}/api/Reserva/recursos/condominio/{{condominioId}}"
"POST","{{baseUrl}}/api/Reserva/recursos"
"GET","{{baseUrl}}/api/Reserva/condominio/{{condominioId}}"
"POST","{{baseUrl}}/api/Reserva"
"PUT","{{baseUrl}}/api/Reserva/1/confirmar"
"GET","{{baseUrl}}/api/Comunicacion/condominio/{{condominioId}}?PageNumber=1&PageSize=10&SearchTerm=&FromDate=&ToDate=&SortBy=&SortDescending=false"
"POST","{{baseUrl}}/api/Comunicacion"
"PUT","{{baseUrl}}/api/Comunicacion/{{id}}"
"DELETE","{{baseUrl}}/api/Comunicacion/{{id}}"
"GET","{{baseUrl}}/api/Dashboard/{{condominioId}}"
"POST","{{baseUrl}}/api/Dashboard/{{condominioId}}/refrescar"
